title,cohort,release_status,release_date,studio_distributor,director,source_name,release_year,budget,budget_type,genre,production_company,lead_cast,is_franchise,is_sequel,franchise_name,franchise_gap_years,release_month,release_season,holiday_release,pre_release_sentiment,social_interest,director_track_record,cast_track_record,worldwide_box_office,data_as_of,collection_notes,budget_source,budget_notes,genre_source,production_company_source,lead_cast_source,lead_cast_source_type,existing_ip,franchise_relationship,franchise_source,franchise_source_url,previous_franchise_film,previous_film_release_date,franchise_gap_type,franchise_gap_source,franchise_gap_source_url,worldwide_box_office_source,box_office_as_of,box_office_status,director_prior_films,cast_prior_films,matched_lead_cast_members,director_track_record_source,cast_track_record_source,track_record_method,pre_release_sentiment_label,sentiment_confidence,sentiment_source,sentiment_source_url,sentiment_as_of,sentiment_stage,social_interest_label,social_interest_confidence,social_interest_source,social_interest_notes
Spider-Man: Brand New Day,released_backtest,released,2026-07-31,Sony Pictures / Marvel Studios,Destin Daniel Cretton,Sony Pictures,2026,225000000.0,reported,"Action, Adventure, Fantasy",Columbia Pictures; Pascal Pictures; Marvel Studios,Tom Holland; Zendaya; Sadie Sink; Jon Bernthal,True,True,Spider-Man,4.62,7,winter_southern,,2.0,5.0,11866848.5,511058766.0,2402937000.0,2026-09-08,,Los Angeles Times / The Numbers,Production budget reported at approximately $225M.,Sony Pictures / Rotten Tomatoes,Sony Pictures / Rotten Tomatoes,Sony Pictures - Spider-Man: Brand New Day,official_studio,True,sequel,Sony Pictures / Marvel,https://www.sonypictures.com/movies/spidermanbrandnewday,Spider-Man: No Way Home,2021-12-17,direct_sequel,Sony Pictures,https://www.sonypictures.com/movies/spidermannowayhome,The Numbers,2026-09-08,provisional_active_run,2,4,2,Dataset A - cleaned_movies.csv,Dataset A - cleaned_movies.csv,Median historical gross of prior films,strong_positive,high,Variety - First Reactions,https://variety.com/2026/film/news/spider-man-brand-new-day-first-reactions-tom-holland-1236476079/,2026-07-28,first_reactions,exceptional,high,Sony Pictures / Variety,Major Spider-Man theatrical event with extensive pre-release coverage and strong first-reaction attention.
Michael,released_backtest,released,2026-04-24,Lionsgate,Antoine Fuqua,Lionsgate / Variety,2026,170000000.0,reported_minimum,"Biography, Drama, Music",GK Films,Jaafar Jackson; Colman Domingo; Nia Long; Miles Teller,False,False,,,4,autumn_southern,,0.0,5.0,100286614.5,27492131.5,1021426595.0,2026-09-08,,Variety,Originally greenlit around $155M; production changes and reshoots pushed reported cost to at least $170M.,STARZ / Rotten Tomatoes,Rotten Tomatoes / IMDb Company Credits,STARZ / Lionsgate,official_distributor,False,original,Lionsgate,,,,,,,The Numbers,2026-09-08,reported_total,12,6,1,Dataset A - cleaned_movies.csv,Dataset A - cleaned_movies.csv,Median historical gross of prior films,mixed,high,Variety,https://variety.com/2026/film/news/michael-box-office-record-opening-music-biopic-1236470847/,2026-04-23,pre_release_press,exceptional,high,Lionsgate / Variety,Global Michael Jackson recognition generated very high awareness ahead of release.
The Odyssey,released_backtest,released,2026-07-17,Universal Pictures,Christopher Nolan,Universal / Variety,2026,250000000.0,reported,"Adventure, Action, Fantasy",Syncopy; Universal Pictures,Matt Damon; Tom Holland; Anne Hathaway; Robert Pattinson,False,False,,,7,winter_southern,,1.0,5.0,373661946.0,100266865.0,1627387000.0,2026-09-08,,Los Angeles Times / The Numbers,Reported production budget of approximately $250M.,Universal Pictures / Rotten Tomatoes,Universal Pictures / Rotten Tomatoes,Universal Pictures,official_studio,True,standalone_adaptation,Universal Pictures,,,,,,,The Numbers,2026-09-08,provisional_active_run,11,45,4,Dataset A - cleaned_movies.csv,Dataset A - cleaned_movies.csv,Median historical gross of prior films,positive,medium,Variety - World Premiere Coverage,https://variety.com/2026/film/news/the-odyssey-world-premiere-london-1236454419/,2026-07-07,premiere_buzz,exceptional,high,Universal Pictures / Variety,Christopher Nolan event film with major ensemble cast and sustained pre-release attention.
Scary Movie,released_backtest,released,2026-06-05,Paramount Pictures / Miramax,Michael Tiddes,Paramount,2026,30000000.0,reported,"Comedy, Horror",Miramax; Wayans Bros. Entertainment,Anna Faris; Regina Hall; Marlon Wayans; Shawn Wayans,True,True,Scary Movie,13.15,6,winter_southern,,,4.0,25358716.0,65299640.0,231277762.0,2026-09-08,,The Numbers / Forbes,Reported production budget of $30M.,Paramount Pictures,Rotten Tomatoes / IMDb Company Credits,Paramount Pictures / Paramount+,official_studio,True,sequel,Paramount Pictures,https://www.paramountpictures.com/movies/scary-movie,Scary Movie 5,2013-04-12,legacy_sequel,Paramount / historical release records,https://www.paramount.com/news/scary-movie-stars-are-ready-to-make-audiences-laugh-again,The Numbers,2026-09-08,reported_total,3,18,4,Dataset A - cleaned_movies.csv,Dataset A - cleaned_movies.csv,Median historical gross of prior films,insufficient_evidence,low,,,,,high,medium,Paramount Pictures,Franchise return with legacy cast and nostalgia-driven pre-release awareness.
Mortal Kombat II,released_backtest,released,2026-05-08,Warner Bros. Pictures / New Line Cinema,Simon McQuoid,Warner Bros.,2026,80000000.0,reported,"Action, Adventure, Fantasy",New Line Cinema; Atomic Monster; Broken Road Productions; Fireside Films,Karl Urban; Adeline Rudolph; Jessica McNamee; Lewis Tan,True,True,Mortal Kombat,5.04,5,autumn_southern,,-1.0,4.0,,36011162.5,129470110.0,2026-09-08,,The Numbers,Reported production budget of $80M.,Rotten Tomatoes,Warner Bros. Official Movie Site,Warner Bros. Pictures,official_studio,True,sequel,Warner Bros. / New Line Cinema,,Mortal Kombat,2021-04-23,direct_sequel,Warner Bros. / New Line Cinema,,The Numbers,2026-09-08,reported_total,0,4,1,Dataset A - cleaned_movies.csv,Dataset A - cleaned_movies.csv,Median historical gross of prior films,negative,high,Variety - Pre-Release Review,https://variety.com/2026/film/news/mortal-kombat-ii-review-karl-urban-1236447591/,2026-05-07,pre_release_review,high,medium,Warner Bros. Pictures,Recognisable gaming IP and sequel awareness produced strong genre-audience interest.
The Super Mario Galaxy Movie,released_backtest,released,2026-04-03,Universal Pictures / Illumination / Nintendo,Aaron Horvath; Michael Jelenic; Pierre Leduc,Universal / Variety,2026,110000000.0,reported,"Animation, Adventure, Comedy, Action",Illumination Entertainment; Nintendo; Universal Pictures,Chris Pratt; Anya Taylor-Joy; Charlie Day; Jack Black,True,True,Super Mario,3.0,4,autumn_southern,,-1.0,5.0,,175283966.0,1012793366.0,2026-09-08,,Variety / The Numbers,Reported production budget of $110M.,Nintendo / Illumination / Rotten Tomatoes,Nintendo / Illumination,Nintendo / Illumination,official_studio,True,sequel,Nintendo / Illumination,https://www.nintendo.co.jp/corporate/release/en/2025/250912.html,The Super Mario Bros. Movie,2023-04-05,direct_sequel,Nintendo,https://www.nintendo.com/en-ca/whatsnew/celebrate-the-launch-of-the-super-mario-bros-movie/,The Numbers,2026-09-08,reported_total,0,20,3,Dataset A - cleaned_movies.csv,Dataset A - cleaned_movies.csv,Median historical gross of prior films,negative,high,Variety - Pre-Release Review,https://variety.com/2026/film/global/the-super-mario-galaxy-movie-review-chris-pratt-jack-black-1236418581/,2026-04-01,pre_release_review,exceptional,high,Nintendo / Illumination,Follow-up to a globally recognised Mario film and video-game property.
The Devil Wears Prada 2,released_backtest,released,2026-05-01,20th Century Studios,David Frankel,20th Century Studios,2026,100000000.0,reported,"Comedy, Drama",Wendy Finerman Productions,Meryl Streep; Anne Hathaway; Emily Blunt; Stanley Tucci,True,True,The Devil Wears Prada,19.84,5,autumn_southern,,2.0,5.0,88528280.0,51699984.0,692817491.0,2026-09-08,,Associated Press / The Numbers,Reported production budget of $100M.,20th Century Studios,20th Century Studios / Rotten Tomatoes,20th Century Studios,official_studio,True,sequel,20th Century Studios,https://www.20thcenturystudios.com/movies/the-devil-wears-prada-2,The Devil Wears Prada,2006-06-30,legacy_sequel,20th Century Studios,https://www.20thcenturystudios.com/movies/the-devil-wears-prada,The Numbers,2026-09-08,reported_total,7,41,3,Dataset A - cleaned_movies.csv,Dataset A - cleaned_movies.csv,Median historical gross of prior films,strong_positive,high,Variety - First Reactions,https://variety.com/2026/film/global/the-devil-wears-prada-2-first-reactions-hathaway-streep-1236442908/,2026-04-29,first_reactions,exceptional,high,20th Century Studios / Variety,Long-awaited sequel with returning principal cast and substantial nostalgia-driven attention.
Toy Story 5,released_backtest,released,2026-06-19,Disney / Pixar,Andrew Stanton,Pixar / Disney,2026,175000000.0,range_midpoint_provisional,"Animation, Adventure, Comedy, Kids & Family",Pixar Animation Studios,Tom Hanks; Tim Allen; Joan Cusack; Greta Lee,True,True,Toy Story,7.0,6,winter_southern,,2.0,5.0,730832267.5,132440069.0,1137319581.0,2026-09-08,,Los Angeles Times,Pre-release reporting placed production budget around $150M-$200M. $175M midpoint used provisionally.,Disney / Pixar,Pixar / Rotten Tomatoes,Disney / Pixar,official_studio,True,sequel,Pixar,https://www.pixar.com/toy-story-5,Toy Story 4,2019-06-21,direct_sequel,Disney / Pixar,https://movies.disney.com/toy-story-4,The Numbers,2026-09-08,reported_total,4,51,2,Dataset A - cleaned_movies.csv,Dataset A - cleaned_movies.csv,Median historical gross of prior films,strong_positive,high,Variety - First Reactions,https://variety.com/2026/film/global/toy-story-5-first-reactions-1236460158/,2026-06-10,first_reactions,exceptional,high,Disney / Pixar,Major long-running Pixar franchise with broad multi-generational recognition.
GOAT,released_backtest,released,2026-02-13,Columbia Pictures / Sony Pictures Animation,Tyree Dillihay,Sony Pictures,2026,80000000.0,reported,"Animation, Comedy, Adventure, Sports",Sony Pictures Animation; Unanimous Media,Caleb McLaughlin; Gabrielle Union; Stephen Curry; Aaron Pierre,False,False,,,2,summer_southern,,0.0,3.0,,31609243.0,195356870.0,2026-09-08,,Variety / The Numbers,Reported production budget of $80M.,Sony Pictures,Sony Pictures / Unanimous Media,Sony Pictures Animation / Rotten Tomatoes,studio_and_secondary,False,original,Sony Pictures,https://www.sonypictures.com/movies/goat,,,,,,The Numbers,2026-09-08,reported_total,0,1,1,Dataset A - cleaned_movies.csv,Dataset A - cleaned_movies.csv,Median historical gross of prior films,mixed,low,Sony Pictures Animation,https://www.linkedin.com/company/sony-pictures-animation/,2025-12-01,trailer_buzz,moderate,medium,Sony Pictures Animation,Original animated property with notable talent but lower pre-existing IP recognition.
Backrooms,released_backtest,released,2026-05-29,A24,Kane Parsons,A24,2026,10000000.0,reported,"Horror, Sci-Fi, Fantasy, Mystery & Thriller",A24; Chernin Entertainment; 21 Laps Entertainment; Atomic Monster,Chiwetel Ejiofor; Renate Reinsve; Mark Duplass; Finn Bennett,False,False,Backrooms,,5,autumn_southern,,1.0,4.0,,6596467.5,393167286.0,2026-09-08,,The Numbers,Reported production budget of $10M.,Rotten Tomatoes / A24,A24 / Rotten Tomatoes,A24,official_studio,True,standalone_adaptation,A24,https://a24films.com/films/backrooms,,,,,,The Numbers,2026-09-08,reported_total,0,8,2,Dataset A - cleaned_movies.csv,Dataset A - cleaned_movies.csv,Median historical gross of prior films,positive,high,Variety - Pre-Release Review,https://variety.com/2026/film/news/backrooms-review-chiwetel-ejiofor-kane-parsons-1236453861/,2026-05-28,pre_release_review,high,medium,A24 / Variety,Large existing online horror following and strong interest around the feature adaptation.
The Cat in the Hat,future_prediction,upcoming,2026-11-06,Warner Bros. Pictures Animation,Alessandro Carloni; Erica Rivinoja,Warner Bros. / Variety,2026,,unknown,"Animation, Comedy, Adventure, Fantasy, Kids & Family",Warner Bros. Animation,Bill Hader; Quinta Brunson; Xochitl Gomez; America Ferrera,False,False,Dr. Seuss - The Cat in the Hat,22.96,11,spring_southern,,0.0,3.0,,44352417.0,,2026-09-08,,,,Rotten Tomatoes / Warner Bros.,Rotten Tomatoes / Warner Bros.,Warner Bros. Pictures,official_studio,True,reboot_or_new_adaptation,Warner Bros. Pictures,https://www.catinthehatfilm.com/,The Cat in the Hat,2003-11-21,reboot_reference,Universal / historical release records,,,,,0,3,2,Dataset A - cleaned_movies.csv,Dataset A - cleaned_movies.csv,Median historical gross of prior films,neutral,low,Variety - Trailer Coverage,https://variety.com/2025/film/news/cat-in-the-hat-trailer-bill-hader-dr-seuss-1236443039/,2025-07-02,trailer,moderate,medium,Warner Bros. Pictures / Variety,"Highly recognisable Dr. Seuss property, though current film-specific buzz is less intense than major franchises."
Dune: Part Three,future_prediction,upcoming,2026-12-18,Warner Bros. Pictures / Legendary,Denis Villeneuve,Warner Bros. / Variety,2026,,unknown,"Sci-Fi, Adventure, Action, Fantasy",Legendary Pictures,Timothee Chalamet; Zendaya; Jason Momoa; Florence Pugh,True,True,Dune,2.8,12,summer_southern,,2.0,5.0,84872444.0,55745459.5,,2026-09-08,,,,Rotten Tomatoes,Warner Bros. / Legendary,Warner Bros. / Rotten Tomatoes,studio_and_secondary,True,sequel,Warner Bros. / Legendary,https://www.dunemovie.net/,Dune: Part Two,2024-03-01,direct_sequel,Warner Bros. / Legendary,,,,,7,4,2,Dataset A - cleaned_movies.csv,Dataset A - cleaned_movies.csv,Median historical gross of prior films,strong_positive,high,Variety - CinemaCon / Trailer Coverage,https://variety.com/2026/film/news/dune-3-cinemacon-opening-scene-footage-chalamet-1236432580/,2026-04-15,cinemacon_footage,exceptional,high,Warner Bros. / Legendary / Variety,Continuation of a major contemporary theatrical franchise with strongly received CinemaCon material.
Avengers: Doomsday,future_prediction,upcoming,2026-12-18,Marvel Studios / Disney,Anthony Russo; Joe Russo,Disney,2026,,unknown,"Action, Adventure, Fantasy, Sci-Fi",Marvel Studios; AGBO,Robert Downey Jr.; Chris Evans; Chris Hemsworth; Pedro Pascal,True,True,Avengers / Marvel Cinematic Universe,7.65,12,summer_southern,,2.0,5.0,,188385081.0,,2026-09-08,,,,Disney,Marvel / Rotten Tomatoes,Disney / Marvel Studios,official_studio,True,sequel,Marvel / Disney,https://movies.disney.com/avengers-doomsday,Avengers: Endgame,2019-04-26,direct_sequel,Disney / Marvel Studios,https://movies.disney.com/avengers-endgame,,,,0,36,3,Dataset A - cleaned_movies.csv,Dataset A - cleaned_movies.csv,Median historical gross of prior films,strong_positive,high,Variety - CinemaCon Trailer Coverage,https://variety.com/2026/film/news/avengers-doomsday-trailer-robert-downey-jr-doctor-doom-1236433230/,2026-04-17,cinemacon_footage,exceptional,high,Marvel Studios / Disney / Variety,Avengers event film with exceptionally high franchise awareness and extensive pre-release coverage.
Shrek 5,future_prediction,upcoming,2027-06-30,DreamWorks Animation / Universal Pictures,Conrad Vernon; Walt Dohrn,DreamWorks / Variety,2027,,unknown,"Animation, Comedy, Adventure, Fantasy, Kids & Family",DreamWorks Animation,Mike Myers; Eddie Murphy; Cameron Diaz; Zendaya,True,True,Shrek,17.11,6,winter_southern,,-1.0,5.0,,132506492.5,,2026-09-08,,,,DreamWorks / Rotten Tomatoes,DreamWorks Animation,Universal / DreamWorks Animation,official_studio,True,sequel,DreamWorks Animation,https://www.dreamworks.com/shrek,Shrek Forever After,2010-05-21,legacy_sequel,DreamWorks Animation,https://www.dreamworks.com/movies/shrek-forever-after,,,,0,50,3,Dataset A - cleaned_movies.csv,Dataset A - cleaned_movies.csv,Median historical gross of prior films,negative,medium,ComingSoon - Fan Reaction Analysis,https://www.comingsoon.net/movies/features/2150432-why-shrek-5-trailers-new-animation-style-is-dividing-fans,2026-06-18,trailer_reaction,exceptional,high,DreamWorks Animation / trade coverage,Long-awaited return of a globally established franchise. High attention exists despite mixed animation reaction.
Jumanji: Open World,future_prediction,upcoming,2026-12-25,Sony Pictures / Columbia Pictures,Jake Kasdan,Sony / Variety,2026,,unknown,"Adventure, Action, Comedy, Fantasy",Columbia Pictures; Matt Tolmach Productions; Seven Bucks Productions; The Detective Agency,Dwayne Johnson; Kevin Hart; Jack Black; Karen Gillan,True,True,Jumanji,7.03,12,summer_southern,,1.0,4.0,126069509.0,125856180.0,,2026-09-08,,,,Rotten Tomatoes,Rotten Tomatoes,Sony Pictures,official_studio,True,sequel,Sony Pictures,https://www.sonypictures.com/,Jumanji: The Next Level,2019-12-13,direct_sequel,Sony Pictures,https://www.sonypictures.com/movies/jumanjithenextlevel,,,,7,41,4,Dataset A - cleaned_movies.csv,Dataset A - cleaned_movies.csv,Median historical gross of prior films,positive,medium,Variety - CinemaCon Coverage,https://variety.com/2026/film/news/jumanji-3-title-open-world-trailer-cinemacon-robin-williams-tribute-1236432112/,2026-04-14,cinemacon_footage,high,high,Sony Pictures / Variety,Returning core cast and established franchise generated strong CinemaCon attention.
Street Fighter,future_prediction,upcoming,2026-10-16,Paramount Pictures / Legendary / Capcom,Kitao Sakurai,Paramount / Variety,2026,,unknown,"Action, Adventure",Legendary Pictures; Capcom,Andrew Koji; Noah Centineo; Callina Liang; Jason Momoa,True,False,Street Fighter,17.63,10,spring_southern,,1.0,4.0,,606004584.5,,2026-09-08,,,,Legendary / Rotten Tomatoes,Legendary / Paramount,Paramount Pictures / Legendary,official_studio,True,reboot_or_new_adaptation,Paramount / Legendary / Capcom,https://www.paramount.com/press/paramount-pictures-and-legendary-entertainment-strike-strategic-three-year-global-distribution-deal,Street Fighter: The Legend of Chun-Li,2009-02-27,reboot_reference,Capcom / historical release records,https://news.capcomusa.com/lets/browse/street-fighter-comics-turning-into-dvds,,,,0,2,1,Dataset A - cleaned_movies.csv,Dataset A - cleaned_movies.csv,Median historical gross of prior films,positive,medium,GamesRadar - Trailer Reaction,https://www.gamesradar.com/entertainment/live-action-movies/the-new-street-fighter-trailer-is-now-playable-and-good-luck-nailing-those-combos/,2026-09-02,trailer_reaction,high,medium,Paramount / Legendary / Capcom,Globally recognised game franchise with substantial interest around the new theatrical adaptation.
The Batman Part II,future_prediction,upcoming,2028-02-18,Warner Bros. Pictures / DC Studios,Matt Reeves,Warner Bros. / Variety,2028,,unknown,"Action, Adventure, Crime, Drama",DC Entertainment; 6th & Idaho Productions,Robert Pattinson; Scarlett Johansson; Sebastian Stan; Jeffrey Wright,True,True,The Batman,5.96,2,summer_southern,,,5.0,172394180.0,33030115.0,,2026-09-08,,,,Rotten Tomatoes,Rotten Tomatoes,Warner Bros. / Variety / Entertainment Weekly,studio_and_trade,True,sequel,DC Studios / Warner Bros.,https://www.dc.com/blog/2023/01/31/the-next-generation-of-dc-movies-and-tv-has-arrived,The Batman,2022-03-04,direct_sequel,DC / Warner Bros.,https://www.dc.com/movies/the-batman-2022,,,,5,21,3,Dataset A - cleaned_movies.csv,Dataset A - cleaned_movies.csv,Median historical gross of prior films,insufficient_evidence,low,Variety,https://variety.com/2026/film/news/the-batman-part-2-scarlett-johansson-sebastian-stan-1236449318/,2026-05-15,production_news,exceptional,medium,DC Studios / Warner Bros. / Variety,"Highly anticipated continuation of The Batman, although release remains comparatively distant."
Spider-Man: Beyond the Spider-Verse,future_prediction,upcoming,2027-06-18,Sony Pictures Animation,Bob Persichetti; Justin K. Thompson,Sony / Variety,2027,,unknown,"Animation, Action, Adventure, Comedy, Fantasy",Sony Pictures Animation; Arad Productions; Lord Miller; Pascal Pictures,Shameik Moore; Hailee Steinfeld; Brian Tyree Henry; Nicolas Cage,True,True,Spider-Verse,4.04,6,winter_southern,,,5.0,,39857644.5,,2026-09-08,,,,Sony Pictures Animation / Rotten Tomatoes,Sony Pictures Animation / Rotten Tomatoes,Sony Pictures Animation / IMDb,studio_and_secondary,True,sequel,Sony Pictures Animation,https://www.sonypicturesanimation.com/projects/films/spider-man-beyond-spider-verse,Spider-Man: Across the Spider-Verse,2023-06-02,direct_sequel,Sony Pictures,https://www.sonypictures.com/movies/spidermanacrossthespiderverse,,,,0,48,3,Dataset A - cleaned_movies.csv,Dataset A - cleaned_movies.csv,Median historical gross of prior films,insufficient_evidence,low,Variety,https://variety.com/2026/film/news/spider-man-beyond-spider-verse-trailer-leak-1236484915/,2026-08-15,production_news,exceptional,high,Sony Pictures Animation / Variety,Final chapter of a highly visible Spider-Verse storyline with substantial anticipation around early footage.
Children of Blood and Bone,future_prediction,upcoming,2027-01-15,Paramount Pictures,Gina Prince-Bythewood,Paramount,2027,,unknown,"Action, Adventure, Drama, Fantasy",Temple Hill Entertainment; Sunswept Entertainment,Thuso Mbedu; Damson Idris; Amandla Stenberg; Tosin Cole,False,False,Legacy of Orisha,,1,summer_southern,,0.0,3.0,27728118.0,41142379.0,,2026-09-08,,,,Paramount Pictures / Rotten Tomatoes,The Numbers / IMDb Company Credits,Paramount Pictures,official_studio,True,standalone_adaptation,Paramount Pictures,https://www.paramountpictures.com/movies/children-of-blood-and-bone,,,,,,,,,3,3,1,Dataset A - cleaned_movies.csv,Dataset A - cleaned_movies.csv,Median historical gross of prior films,mixed,medium,TheWrap / The Citizen,https://www.thewrap.com/creative-content/movies/children-of-blood-and-bone-cinemacon-footage-description/,2026-07-29,trailer_reaction,moderate,medium,Paramount Pictures / trade coverage,"Established literary audience and growing film awareness, but less mass-market recognition than major franchises."
